{
  "version": 1,
  "features": [
    "voltage",
    "cpu_temp",
    "yaw_rate"
  ],
  "mean": [
    22.61662600542188,
    48.000195312007946,
    0.0011742084786716734
  ],
  "inv_cov": [
    [
      0.44222230938902457,
      -0.0024659183835756,
      0.03808644753067793
    ],
    [
      -0.0024659183835756,
      0.3616840361238078,
      -5.259088287748953
    ],
    [
      0.03808644753067793,
      -5.259088287748953,
      88.45111115742043
    ]
  ],
  "threshold": 3.048801772703412,
  "target_fpr": 0.01,
  "trained_on": 8000,
  "metrics": {
    "precision": 0.983,
    "recall": 1.0,
    "f1": 0.991,
    "false_positive_rate": 0.0088,
    "eval": {
      "normal": 4000,
      "anomalies": 2000,
      "tp": 2000,
      "fp": 35,
      "fn": 0
    },
    "threshold": 3.049
  }
}